epoch,train loss,gen loss,train acc,gen_acc,prob_orig,prob_targ,train bal acc,train gm,test loss,major test acc,neutral test acc,minor test acc,test acc,f1 score,test gm,test bal acc,name,model
199.0,0.0241462059649929,0.0,99.41963566016445,0.0,0.0,0.0,98.53766951738612,98.5340758296739,1.1180537932448915,87.70370370370371,67.13888888888889,61.92592592592592,71.74444444444444,0.0,70.57288700558682,71.74444437026978,ERM,resnet32
199.0,0.1532132992932013,0.0,97.45284539738836,0.0,0.0,0.0,96.53531888182648,96.51098210851508,1.841901919576857,92.0,73.66666666666667,62.96296296296296,75.95555555555555,0.0,74.92546185360543,75.95555603504181,LDAM-DRW,resnet32_norm
