epoch,train loss,gen loss,train acc,gen_acc,prob_orig,prob_targ,train bal acc,train gm,test loss,major test acc,neutral test acc,minor test acc,test acc,f1 score,test gm,test bal acc,name,model
199.0,0.1971808288805767,0.0,95.14637510856792,0.0,0.0,0.0,93.70728986120352,93.56772343860588,1.9612952166133453,70.63973063973064,56.99346405228758,42.053872053872055,56.56666666666667,0.0,51.99685697910162,56.56666720658541,ERM,resnet32
199.0,3.59006547775594,0.0,84.78516323506872,0.0,0.0,0.0,79.74841824256707,76.02335329856298,4.132762813568116,67.91245791245791,56.30718954248366,44.24242424242424,56.15555555555556,0.0,50.15117226842517,56.155555993318565,LDAM-DRW,resnet32_norm
