epoch,train loss,gen loss,train acc,gen_acc,prob_orig,prob_targ,train bal acc,train gm,test loss,major test acc,neutral test acc,minor test acc,test acc,f1 score,test gm,test bal acc,name,model
199.0,0.0778706061670794,0.0,98.44182186981377,0.0,0.0,0.0,96.14966643635842,95.9580448509541,3.806783254941304,66.53198653198653,39.28104575163399,12.424242424242424,39.41111111111111,0.0,26.535234970507737,39.4111114917323,ERM,resnet32
199.0,0.6949802936497329,0.0,94.73538631753642,0.0,0.0,0.0,91.5617098233932,90.83777176887097,4.243768003251818,65.05050505050505,41.40522875816993,19.562289562289564,42.0,0.0,30.19656673488001,42.00000063702464,LDAM-DRW,resnet32_norm
