epoch,train loss,gen loss,train acc,gen_acc,prob_orig,prob_targ,train bal acc,train gm,test loss,major test acc,neutral test acc,minor test acc,test acc,f1 score,test gm,test bal acc,name,model
199.0,0.0418575561519236,0.0,98.928046989721,0.0,0.0,0.0,98.73507463949456,98.73304911968935,0.5081422277622752,93.66666666666669,83.16666666666667,83.51851851851852,86.42222222222222,0.0,86.19117381492612,86.42222285270691,ERM,resnet32
199.0,0.8714606078535799,0.0,96.01076847772885,0.0,0.0,0.0,95.33308447644572,95.30543922162684,1.7715255750550165,92.48148148148148,83.05555555555556,83.5925925925926,86.04444444444445,0.0,85.80227659866506,86.04444444179535,LDAM-DRW,resnet32_norm
